{"cameraMode":{"drawMode":0,"name":"Shaded","section":"Shading Mode"},"sceneLighting":false,"audioPlay":false,"sceneViewState":{"m_AlwaysRefresh":false,"showFog":true,"showSkybox":false,"showFlares":true,"showImageEffects":true,"showParticleSystems":true,"showVisualEffectGraphs":true,"m_FxEnabled":true},"in2DMode":false,"pivot":{"x":49.599998474121097,"y":-2.8641133308410646,"z":-2.9802322387695315e-8},"rotation":{"x":-0.06640034914016724,"y":0.5271045565605164,"z":-0.04136161878705025,"w":-0.8461917638778687},"size":0.6478744745254517,"orthographic":false}