{"cameraMode":{"drawMode":0,"name":"Shaded","section":"Shading Mode"},"sceneLighting":false,"audioPlay":false,"sceneViewState":{"m_AlwaysRefresh":false,"showFog":true,"showSkybox":false,"showFlares":true,"showImageEffects":true,"showParticleSystems":true,"showVisualEffectGraphs":true,"m_FxEnabled":true},"in2DMode":false,"pivot":{"x":-0.36948809027671816,"y":-0.16974864900112153,"z":0.7137700319290161},"rotation":{"x":-0.0572543665766716,"y":0.9329099655151367,"z":-0.17150536179542542,"w":-0.31143397092819216},"size":1.2247449159622193,"orthographic":false}